1,"Dark Foreboding:","A faint breeze blows past the psyker and those near him, and everyone gets the feeling that somewhere in the galaxy something unfortunate just happened."
2,"Dark Foreboding:","A faint breeze blows past the psyker and those near him, and everyone gets the feeling that somewhere in the galaxy something unfortunate just happened."
3,"Dark Foreboding:","A faint breeze blows past the psyker and those near him, and everyone gets the feeling that somewhere in the galaxy something unfortunate just happened."
4,"Warp Echo:","For a few moments, all noises cause echoes, regardless of the surroundings."
5,"Warp Echo:","For a few moments, all noises cause echoes, regardless of the surroundings."
6,"Unholy Stench:","The air around the psyker becomes permeated with a bizarre and foul smell."
7,"Unholy Stench:","The air around the psyker becomes permeated with a bizarre and foul smell."
8,"Unholy Stench:","The air around the psyker becomes permeated with a bizarre and foul smell."
9,"Mind Warp:","The psyker suffers a –5 penalty to Willpower Tests until the start of his next turn as his own inherent phobias, suspicions, and hatreds surge to the surface of his mind in a wave of unbound emotion."
10,"Mind Warp:","The psyker suffers a –5 penalty to Willpower Tests until the start of his next turn as his own inherent phobias, suspicions, and hatreds surge to the surface of his mind in a wave of unbound emotion."
11,"Mind Warp:","The psyker suffers a –5 penalty to Willpower Tests until the start of his next turn as his own inherent phobias, suspicions, and hatreds surge to the surface of his mind in a wave of unbound emotion."
12,"Hoarfrost:","The temperature plummets for an instant, and a thin coating of frost forms to cover everything within 3d10 metres."
13,"Hoarfrost:","The temperature plummets for an instant, and a thin coating of frost forms to cover everything within 3d10 metres."
14,"Hoarfrost:","The temperature plummets for an instant, and a thin coating of frost forms to cover everything within 3d10 metres."
15,"Aura of Taint:","All animals within 1d100 metres become spooked and agitated; characters with Psyniscience can pinpoint the psyker as the cause."
16,"Aura of Taint:","All animals within 1d100 metres become spooked and agitated; characters with Psyniscience can pinpoint the psyker as the cause."
17,"Aura of Taint:","All animals within 1d100 metres become spooked and agitated; characters with Psyniscience can pinpoint the psyker as the cause."
18,"Memory Worm:","All people within line of sight of the psyker forget something trivial."
19,"Memory Worm:","All people within line of sight of the psyker forget something trivial."
20,"Memory Worm:","All people within line of sight of the psyker forget something trivial."
21,"Spoilage:","Food and drink go bad in a 5d10 metre radius."
22,"Spoilage:","Food and drink go bad in a 5d10 metre radius."
23,"Spoilage:","Food and drink go bad in a 5d10 metre radius."
24,"Haunting Breeze:","Winds whip up around the psyker for a few moments, blowing light objects around and guttering fires within 3d10 metres."
25,"Haunting Breeze:","Winds whip up around the psyker for a few moments, blowing light objects around and guttering fires within 3d10 metres."
26,"Haunting Breeze:","Winds whip up around the psyker for a few moments, blowing light objects around and guttering fires within 3d10 metres."
27,"Veil of Darkness:","For a brief moment (effectively the remainder of the Round), the area within 3d10 metres is plunged into immediate darkness."
28,"Veil of Darkness:","For a brief moment (effectively the remainder of the Round), the area within 3d10 metres is plunged into immediate darkness."
29,"Veil of Darkness:","For a brief moment (effectively the remainder of the Round), the area within 3d10 metres is plunged into immediate darkness."
30,"Distorted Reflections:","Mirrors and other reflective surfaces within a radius of 5d10 metres distort or shatter."
31,"Distorted Reflections:","Mirrors and other reflective surfaces within a radius of 5d10 metres distort or shatter."
32,"Distorted Reflections:","Mirrors and other reflective surfaces within a radius of 5d10 metres distort or shatter."
33,"Breath Leech:","Everyone (including the psyker) within a 3d10 metre radius becomes short of breath for one round and cannot make any Run or Charge Actions."
34,"Breath Leech:","Everyone (including the psyker) within a 3d10 metre radius becomes short of breath for one round and cannot make any Run or Charge Actions."
35,"Breath Leech:","Everyone (including the psyker) within a 3d10 metre radius becomes short of breath for one round and cannot make any Run or Charge Actions."
36,"Daemonic Mask:","For a fleeting moment, the psyker takes on a daemonic appearance and gains a Fear rating of 1 until the start of the next turn. However, he also gains one Corruption Point."
37,"Daemonic Mask:","For a fleeting moment, the psyker takes on a daemonic appearance and gains a Fear rating of 1 until the start of the next turn. However, he also gains one Corruption Point."
38,"Daemonic Mask:","For a fleeting moment, the psyker takes on a daemonic appearance and gains a Fear rating of 1 until the start of the next turn. However, he also gains one Corruption Point."
39,"Unnatural Decay:","All plant life within 3d10 metres of the psyker withers and dies."
40,"Unnatural Decay:","All plant life within 3d10 metres of the psyker withers and dies."
41,"Unnatural Decay:","All plant life within 3d10 metres of the psyker withers and dies."
42,"Spectral Gale:","Howling winds erupt around the psyker, requiring him and everyone within 4d10 metres to make an Easy (+30) Agility or Strength Test to avoid being knocked to the ground."
43,"Spectral Gale:","Howling winds erupt around the psyker, requiring him and everyone within 4d10 metres to make an Easy (+30) Agility or Strength Test to avoid being knocked to the ground."
44,"Spectral Gale:","Howling winds erupt around the psyker, requiring him and everyone within 4d10 metres to make an Easy (+30) Agility or Strength Test to avoid being knocked to the ground."
45,"Bloody Tears:","Blood weeps from stone and wood within 3d10 metres of the psyker. If there are any pictures or statues of people inside this area, they appear to be crying blood."
46,"Bloody Tears:","Blood weeps from stone and wood within 3d10 metres of the psyker. If there are any pictures or statues of people inside this area, they appear to be crying blood."
47,"Bloody Tears:","Blood weeps from stone and wood within 3d10 metres of the psyker. If there are any pictures or statues of people inside this area, they appear to be crying blood."
48,"The Earth Protests:","The ground suddenly shakes, and everyone (including the psyker) within a 5d10 metre radius must make a Routine (+10) Agility Test or be knocked down"
49,"The Earth Protests:","The ground suddenly shakes, and everyone (including the psyker) within a 5d10 metre radius must make a Routine (+10) Agility Test or be knocked down"
50,"The Earth Protests:","The ground suddenly shakes, and everyone (including the psyker) within a 5d10 metre radius must make a Routine (+10) Agility Test or be knocked down"
51,"Actinic Discharge:","Static electricity fills the air within 5d10 metres causing hair to stand on end and unprotected electronics to short out, while the psyker is wreathed in eldritch lightning"
52,"Actinic Discharge:","Static electricity fills the air within 5d10 metres causing hair to stand on end and unprotected electronics to short out, while the psyker is wreathed in eldritch lightning"
53,"Actinic Discharge:","Static electricity fills the air within 5d10 metres causing hair to stand on end and unprotected electronics to short out, while the psyker is wreathed in eldritch lightning"
54,"Warp Ghosts:","Ghostly apparitions fill the air within 3d10 metres around the psyker, flying about and howling in pain for a few brief moments. Everyone in the radius (except the psyker himself ) must test against a Fear rating of 1."
55,"Warp Ghosts:","Ghostly apparitions fill the air within 3d10 metres around the psyker, flying about and howling in pain for a few brief moments. Everyone in the radius (except the psyker himself ) must test against a Fear rating of 1."
56,"Warp Ghosts:","Ghostly apparitions fill the air within 3d10 metres around the psyker, flying about and howling in pain for a few brief moments. Everyone in the radius (except the psyker himself ) must test against a Fear rating of 1."
57,"Falling Upwards:","Everything within 2d10 metres of the psyker (including the psyker himself ) rises 1d10 metres into the air as gravity briefly ceases. Almost immediately, everything crashes back to earth, suffering falling Damage as appropriate for the distances fallen."
58,"Falling Upwards:","Everything within 2d10 metres of the psyker (including the psyker himself ) rises 1d10 metres into the air as gravity briefly ceases. Almost immediately, everything crashes back to earth, suffering falling Damage as appropriate for the distances fallen."
59,"Falling Upwards:","Everything within 2d10 metres of the psyker (including the psyker himself ) rises 1d10 metres into the air as gravity briefly ceases. Almost immediately, everything crashes back to earth, suffering falling Damage as appropriate for the distances fallen."
60,"Banshee Howl:","A shrill keening rings out across the immediate area, shattering glass and forcing every mortal creature able to hear it (including the psyker) to pass a Challenging (+0) Toughness Test or be deafened for 1d10 rounds"
61,"Banshee Howl:","A shrill keening rings out across the immediate area, shattering glass and forcing every mortal creature able to hear it (including the psyker) to pass a Challenging (+0) Toughness Test or be deafened for 1d10 rounds"
62,"Banshee Howl:","A shrill keening rings out across the immediate area, shattering glass and forcing every mortal creature able to hear it (including the psyker) to pass a Challenging (+0) Toughness Test or be deafened for 1d10 rounds"
63,"The Furies:","The Psyker is assailed by unseen horrors. He is slammed to the ground and suffers 1d5 Damage (ignoring Armour, but not Toughness Bonus) and he must test against Fear (2)"
64,"The Furies:","The Psyker is assailed by unseen horrors. He is slammed to the ground and suffers 1d5 Damage (ignoring Armour, but not Toughness Bonus) and he must test against Fear (2)"
65,"The Furies:","The Psyker is assailed by unseen horrors. He is slammed to the ground and suffers 1d5 Damage (ignoring Armour, but not Toughness Bonus) and he must test against Fear (2)"
66,"Shadow of the Warp:"," For a split second, the world changes in appearance, and everyone within 1d100 metres has brief but horrific glimpse of the shadow of the Warp. Everyone in the area (including the psyker) must make a Difficult (–10) Willpower Test or gain 1d5 Corruption Points."
67,"Shadow of the Warp:"," For a split second, the world changes in appearance, and everyone within 1d100 metres has brief but horrific glimpse of the shadow of the Warp. Everyone in the area (including the psyker) must make a Difficult (–10) Willpower Test or gain 1d5 Corruption Points."
68,"Shadow of the Warp:"," For a split second, the world changes in appearance, and everyone within 1d100 metres has brief but horrific glimpse of the shadow of the Warp. Everyone in the area (including the psyker) must make a Difficult (–10) Willpower Test or gain 1d5 Corruption Points."
69,"Tech Scorn:","The machine spirits reject your unnatural ways. All un-warded technology within 5d10 metres malfunctions momentarily, and all ranged weapons Jam (see page 255), whilst characters with cybernetic implants must pass a Routine (+10) Toughness Test or suffer 1d5 Damage, ignoring Toughness Bonus and Armour."
70,"Tech Scorn:","The machine spirits reject your unnatural ways. All un-warded technology within 5d10 metres malfunctions momentarily, and all ranged weapons Jam (see page 255), whilst characters with cybernetic implants must pass a Routine (+10) Toughness Test or suffer 1d5 Damage, ignoring Toughness Bonus and Armour."
71,"Tech Scorn:","The machine spirits reject your unnatural ways. All un-warded technology within 5d10 metres malfunctions momentarily, and all ranged weapons Jam (see page 255), whilst characters with cybernetic implants must pass a Routine (+10) Toughness Test or suffer 1d5 Damage, ignoring Toughness Bonus and Armour."
72,"Warp Madness:","A violent ripple of tainted discord causes all creatures within 2d10 metres (with the exception of the psyker) to become Frenzied for a Round and suffer 1d5 Corruption Points unless they can pass a Difficult (–10) Willpower Test."
73,"Warp Madness:","A violent ripple of tainted discord causes all creatures within 2d10 metres (with the exception of the psyker) to become Frenzied for a Round and suffer 1d5 Corruption Points unless they can pass a Difficult (–10) Willpower Test."
74,"Warp Madness:","A violent ripple of tainted discord causes all creatures within 2d10 metres (with the exception of the psyker) to become Frenzied for a Round and suffer 1d5 Corruption Points unless they can pass a Difficult (–10) Willpower Test."
75,"The Gibbering:","The psyker screams in pain as uncontrolled Warp energies surge through his unprepared mind. He must make a Challenging (+0) Willpower Test or be stunned for 1d5 Rounds."
76,"The Gibbering:","The psyker screams in pain as uncontrolled Warp energies surge through his unprepared mind. He must make a Challenging (+0) Willpower Test or be stunned for 1d5 Rounds."
77,"The Gibbering:","The psyker screams in pain as uncontrolled Warp energies surge through his unprepared mind. He must make a Challenging (+0) Willpower Test or be stunned for 1d5 Rounds."
78,"The Gibbering:","The psyker screams in pain as uncontrolled Warp energies surge through his unprepared mind. He must make a Challenging (+0) Willpower Test or be stunned for 1d5 Rounds."
79,"The Gibbering:","The psyker screams in pain as uncontrolled Warp energies surge through his unprepared mind. He must make a Challenging (+0) Willpower Test or be stunned for 1d5 Rounds."
80,"Warp Burn:","A violent burst of energy from the Warp smashes into the psyker’s mind, sending him reeling. He suffers 2d5 Damage, ignoring Toughness Bonus and Armour, and is stunned for 1d5 Rounds."
81,"Warp Burn:","A violent burst of energy from the Warp smashes into the psyker’s mind, sending him reeling. He suffers 2d5 Damage, ignoring Toughness Bonus and Armour, and is stunned for 1d5 Rounds."
82,"Warp Burn:","A violent burst of energy from the Warp smashes into the psyker’s mind, sending him reeling. He suffers 2d5 Damage, ignoring Toughness Bonus and Armour, and is stunned for 1d5 Rounds."
83,"Warp Burn:","A violent burst of energy from the Warp smashes into the psyker’s mind, sending him reeling. He suffers 2d5 Damage, ignoring Toughness Bonus and Armour, and is stunned for 1d5 Rounds."
84,"Psychic Concussion:","With a crack of energy, the psyker is knocked unconscious for 1d5 Rounds, and everyone within 3d10 metres must make a Routine (+10) Willpower Test or be Stunned for one Round."
85,"Psychic Concussion:","With a crack of energy, the psyker is knocked unconscious for 1d5 Rounds, and everyone within 3d10 metres must make a Routine (+10) Willpower Test or be Stunned for one Round."
86,"Psychic Concussion:","With a crack of energy, the psyker is knocked unconscious for 1d5 Rounds, and everyone within 3d10 metres must make a Routine (+10) Willpower Test or be Stunned for one Round."
87,"Psychic Concussion:","With a crack of energy, the psyker is knocked unconscious for 1d5 Rounds, and everyone within 3d10 metres must make a Routine (+10) Willpower Test or be Stunned for one Round."
88,"Psy Blast:","There is an explosion of power and the psyker is thrown 3d10 metres into the air, falling to the ground moments later (see page 267 for Falling Damage)."
89,"Psy Blast:","There is an explosion of power and the psyker is thrown 3d10 metres into the air, falling to the ground moments later (see page 267 for Falling Damage)."
90,"Psy Blast:","There is an explosion of power and the psyker is thrown 3d10 metres into the air, falling to the ground moments later (see page 267 for Falling Damage)."
91,"Psy Blast:","There is an explosion of power and the psyker is thrown 3d10 metres into the air, falling to the ground moments later (see page 267 for Falling Damage)."
92,"Psy Blast:","There is an explosion of power and the psyker is thrown 3d10 metres into the air, falling to the ground moments later (see page 267 for Falling Damage)."
93,"Soul Sear:","Warp power courses through the psyker’s body, scorching his soul. The psyker cannot use any powers for the next hour and gains 2d5 Corruption Points."
94,"Soul Sear:","Warp power courses through the psyker’s body, scorching his soul. The psyker cannot use any powers for the next hour and gains 2d5 Corruption Points."
95,"Soul Sear:","Warp power courses through the psyker’s body, scorching his soul. The psyker cannot use any powers for the next hour and gains 2d5 Corruption Points."
96,"Soul Sear:","Warp power courses through the psyker’s body, scorching his soul. The psyker cannot use any powers for the next hour and gains 2d5 Corruption Points."
97,"Soul Sear:","Warp power courses through the psyker’s body, scorching his soul. The psyker cannot use any powers for the next hour and gains 2d5 Corruption Points."
98,"Soul Sear:","Warp power courses through the psyker’s body, scorching his soul. The psyker cannot use any powers for the next hour and gains 2d5 Corruption Points."
99,"Locked In:","The power cages the psyker’s mind in an ethereal prison, tormented by visions of the Warp. The psyker falls to the ground in a catatonic state. Each Round thereafter, he must spend a Full Action to make a Difficult (–10) Willpower Test. On a success, his mind is freed and restored to his body, haunted by his experiences but otherwise unharmed."
100,"Locked In:","The power cages the psyker’s mind in an ethereal prison, tormented by visions of the Warp. The psyker falls to the ground in a catatonic state. Each Round thereafter, he must spend a Full Action to make a Difficult (–10) Willpower Test. On a success, his mind is freed and restored to his body, haunted by his experiences but otherwise unharmed."
101,"Locked In:","The power cages the psyker’s mind in an ethereal prison, tormented by visions of the Warp. The psyker falls to the ground in a catatonic state. Each Round thereafter, he must spend a Full Action to make a Difficult (–10) Willpower Test. On a success, his mind is freed and restored to his body, haunted by his experiences but otherwise unharmed."
102,"Locked In:","The power cages the psyker’s mind in an ethereal prison, tormented by visions of the Warp. The psyker falls to the ground in a catatonic state. Each Round thereafter, he must spend a Full Action to make a Difficult (–10) Willpower Test. On a success, his mind is freed and restored to his body, haunted by his experiences but otherwise unharmed."
103,"Locked In:","The power cages the psyker’s mind in an ethereal prison, tormented by visions of the Warp. The psyker falls to the ground in a catatonic state. Each Round thereafter, he must spend a Full Action to make a Difficult (–10) Willpower Test. On a success, his mind is freed and restored to his body, haunted by his experiences but otherwise unharmed."
104,"Locked In:","The power cages the psyker’s mind in an ethereal prison, tormented by visions of the Warp. The psyker falls to the ground in a catatonic state. Each Round thereafter, he must spend a Full Action to make a Difficult (–10) Willpower Test. On a success, his mind is freed and restored to his body, haunted by his experiences but otherwise unharmed."
105,"Chronological Incontinence:","Time warps around the psyker. He winks out of existence and reappears in 1d10 Rounds (or one minute in narrative time) in the exact location. He suffers one point of permanent Toughness and Intelligence damage as his body and mind rebel against the experience, and gains 1d5 Corruption Points."
106,"Chronological Incontinence:","Time warps around the psyker. He winks out of existence and reappears in 1d10 Rounds (or one minute in narrative time) in the exact location. He suffers one point of permanent Toughness and Intelligence damage as his body and mind rebel against the experience, and gains 1d5 Corruption Points."
107,"Chronological Incontinence:","Time warps around the psyker. He winks out of existence and reappears in 1d10 Rounds (or one minute in narrative time) in the exact location. He suffers one point of permanent Toughness and Intelligence damage as his body and mind rebel against the experience, and gains 1d5 Corruption Points."
108,"Chronological Incontinence:","Time warps around the psyker. He winks out of existence and reappears in 1d10 Rounds (or one minute in narrative time) in the exact location. He suffers one point of permanent Toughness and Intelligence damage as his body and mind rebel against the experience, and gains 1d5 Corruption Points."
109,"Chronological Incontinence:","Time warps around the psyker. He winks out of existence and reappears in 1d10 Rounds (or one minute in narrative time) in the exact location. He suffers one point of permanent Toughness and Intelligence damage as his body and mind rebel against the experience, and gains 1d5 Corruption Points."
110,"Chronological Incontinence:","Time warps around the psyker. He winks out of existence and reappears in 1d10 Rounds (or one minute in narrative time) in the exact location. He suffers one point of permanent Toughness and Intelligence damage as his body and mind rebel against the experience, and gains 1d5 Corruption Points."
111,"Chronological Incontinence:","Time warps around the psyker. He winks out of existence and reappears in 1d10 Rounds (or one minute in narrative time) in the exact location. He suffers one point of permanent Toughness and Intelligence damage as his body and mind rebel against the experience, and gains 1d5 Corruption Points."
112,"Chronological Incontinence:","Time warps around the psyker. He winks out of existence and reappears in 1d10 Rounds (or one minute in narrative time) in the exact location. He suffers one point of permanent Toughness and Intelligence damage as his body and mind rebel against the experience, and gains 1d5 Corruption Points."
113,"Psychic Mirror:","The psyker’s power is turned back on him. Resolve the power’s effects, but the power targets the psyker instead. If the power is beneficial, it deals 1d10+5 Energy Damage (ignoring Armour) to the psyker instead of its normal effect."
114,"Psychic Mirror:","The psyker’s power is turned back on him. Resolve the power’s effects, but the power targets the psyker instead. If the power is beneficial, it deals 1d10+5 Energy Damage (ignoring Armour) to the psyker instead of its normal effect."
115,"Psychic Mirror:","The psyker’s power is turned back on him. Resolve the power’s effects, but the power targets the psyker instead. If the power is beneficial, it deals 1d10+5 Energy Damage (ignoring Armour) to the psyker instead of its normal effect."
116,"Psychic Mirror:","The psyker’s power is turned back on him. Resolve the power’s effects, but the power targets the psyker instead. If the power is beneficial, it deals 1d10+5 Energy Damage (ignoring Armour) to the psyker instead of its normal effect."
117,"Psychic Mirror:","The psyker’s power is turned back on him. Resolve the power’s effects, but the power targets the psyker instead. If the power is beneficial, it deals 1d10+5 Energy Damage (ignoring Armour) to the psyker instead of its normal effect."
118,"Psychic Mirror:","The psyker’s power is turned back on him. Resolve the power’s effects, but the power targets the psyker instead. If the power is beneficial, it deals 1d10+5 Energy Damage (ignoring Armour) to the psyker instead of its normal effect."
119,"Psychic Mirror:","The psyker’s power is turned back on him. Resolve the power’s effects, but the power targets the psyker instead. If the power is beneficial, it deals 1d10+5 Energy Damage (ignoring Armour) to the psyker instead of its normal effect."
120,"Psychic Mirror:","The psyker’s power is turned back on him. Resolve the power’s effects, but the power targets the psyker instead. If the power is beneficial, it deals 1d10+5 Energy Damage (ignoring Armour) to the psyker instead of its normal effect."
121,"Warp Whispers","The voices of daemons fill the air within 4d10 metres of the psyker, whispering terrible secrets and shocking truths. Everyone in the area (including the psyker ) must make a Hard (–20) Willpower Test or suffer 1d5 Corruption Points and an equal amount of Willpower damage. In addition, whether or not the psyker passes the Willpower Test, he suffers an additional 1d5+5 Willpower damage"
122,"Warp Whispers","The voices of daemons fill the air within 4d10 metres of the psyker, whispering terrible secrets and shocking truths. Everyone in the area (including the psyker ) must make a Hard (–20) Willpower Test or suffer 1d5 Corruption Points and an equal amount of Willpower damage. In addition, whether or not the psyker passes the Willpower Test, he suffers an additional 1d5+5 Willpower damage"
123,"Warp Whispers","The voices of daemons fill the air within 4d10 metres of the psyker, whispering terrible secrets and shocking truths. Everyone in the area (including the psyker ) must make a Hard (–20) Willpower Test or suffer 1d5 Corruption Points and an equal amount of Willpower damage. In addition, whether or not the psyker passes the Willpower Test, he suffers an additional 1d5+5 Willpower damage"
124,"Warp Whispers","The voices of daemons fill the air within 4d10 metres of the psyker, whispering terrible secrets and shocking truths. Everyone in the area (including the psyker ) must make a Hard (–20) Willpower Test or suffer 1d5 Corruption Points and an equal amount of Willpower damage. In addition, whether or not the psyker passes the Willpower Test, he suffers an additional 1d5+5 Willpower damage"
125,"Warp Whispers","The voices of daemons fill the air within 4d10 metres of the psyker, whispering terrible secrets and shocking truths. Everyone in the area (including the psyker ) must make a Hard (–20) Willpower Test or suffer 1d5 Corruption Points and an equal amount of Willpower damage. In addition, whether or not the psyker passes the Willpower Test, he suffers an additional 1d5+5 Willpower damage"
126,"Warp Whispers","The voices of daemons fill the air within 4d10 metres of the psyker, whispering terrible secrets and shocking truths. Everyone in the area (including the psyker ) must make a Hard (–20) Willpower Test or suffer 1d5 Corruption Points and an equal amount of Willpower damage. In addition, whether or not the psyker passes the Willpower Test, he suffers an additional 1d5+5 Willpower damage"
127,"Warp Whispers","The voices of daemons fill the air within 4d10 metres of the psyker, whispering terrible secrets and shocking truths. Everyone in the area (including the psyker ) must make a Hard (–20) Willpower Test or suffer 1d5 Corruption Points and an equal amount of Willpower damage. In addition, whether or not the psyker passes the Willpower Test, he suffers an additional 1d5+5 Willpower damage"
128,"Warp Whispers","The voices of daemons fill the air within 4d10 metres of the psyker, whispering terrible secrets and shocking truths. Everyone in the area (including the psyker ) must make a Hard (–20) Willpower Test or suffer 1d5 Corruption Points and an equal amount of Willpower damage. In addition, whether or not the psyker passes the Willpower Test, he suffers an additional 1d5+5 Willpower damage"
129,"Warp Whispers","The voices of daemons fill the air within 4d10 metres of the psyker, whispering terrible secrets and shocking truths. Everyone in the area (including the psyker ) must make a Hard (–20) Willpower Test or suffer 1d5 Corruption Points and an equal amount of Willpower damage. In addition, whether or not the psyker passes the Willpower Test, he suffers an additional 1d5+5 Willpower damage"
130,"Vice Versa:","The psyker’s mind is thrown out of his body and into another nearby creature or person. The psyker and a random being (note, this cannot be a daemon, mindless xenos, or other “soulless” creature) within 50 metres swap consciousness for 1d10 rounds. This may be an ally or enemy. Each creature retains its Weapon Skill, Ballistic Skill, Intelligence, Perception, Willpower, and Fellowship during the swap, but all other Characteristics are of the new host body. If either body is slain, the effect ends immediately and both parties return to their original bodies. Both suffer 1d5 Intelligence damage from the experience. If there are no creatures within range, the psyker becomes catatonic for 1d5 rounds while his mind wanders the Warp. This journey causes 1d10 Willpower Damage, 1d10 Intelligence Damage and 1d10 Corruption Points."
131,"Vice Versa:","The psyker’s mind is thrown out of his body and into another nearby creature or person. The psyker and a random being (note, this cannot be a daemon, mindless xenos, or other “soulless” creature) within 50 metres swap consciousness for 1d10 rounds. This may be an ally or enemy. Each creature retains its Weapon Skill, Ballistic Skill, Intelligence, Perception, Willpower, and Fellowship during the swap, but all other Characteristics are of the new host body. If either body is slain, the effect ends immediately and both parties return to their original bodies. Both suffer 1d5 Intelligence damage from the experience. If there are no creatures within range, the psyker becomes catatonic for 1d5 rounds while his mind wanders the Warp. This journey causes 1d10 Willpower Damage, 1d10 Intelligence Damage and 1d10 Corruption Points."
132,"Vice Versa:","The psyker’s mind is thrown out of his body and into another nearby creature or person. The psyker and a random being (note, this cannot be a daemon, mindless xenos, or other “soulless” creature) within 50 metres swap consciousness for 1d10 rounds. This may be an ally or enemy. Each creature retains its Weapon Skill, Ballistic Skill, Intelligence, Perception, Willpower, and Fellowship during the swap, but all other Characteristics are of the new host body. If either body is slain, the effect ends immediately and both parties return to their original bodies. Both suffer 1d5 Intelligence damage from the experience. If there are no creatures within range, the psyker becomes catatonic for 1d5 rounds while his mind wanders the Warp. This journey causes 1d10 Willpower Damage, 1d10 Intelligence Damage and 1d10 Corruption Points."
133,"Dark Summoning:","The Empyrean buckles and tears at the arrogance of the psyker, and a Bloodletter rips its way into existence. (see Chapter XI: Adversaries). The fiend appears within 3d10 metres of the psyker, for a number of Rounds equal to 1d5 plus the psyker’s Toughness Bonus. The psyker’s turn immediately ends, and the Daemon may take its turn immediately. It detests the psyker and focuses all of its attacks upon the fool that unwittingly summoned it. It will not attack anyone else, even if others attack it."
134,"Dark Summoning:","The Empyrean buckles and tears at the arrogance of the psyker, and a Bloodletter rips its way into existence. (see Chapter XI: Adversaries). The fiend appears within 3d10 metres of the psyker, for a number of Rounds equal to 1d5 plus the psyker’s Toughness Bonus. The psyker’s turn immediately ends, and the Daemon may take its turn immediately. It detests the psyker and focuses all of its attacks upon the fool that unwittingly summoned it. It will not attack anyone else, even if others attack it."
135,"Dark Summoning:","The Empyrean buckles and tears at the arrogance of the psyker, and a Bloodletter rips its way into existence. (see Chapter XI: Adversaries). The fiend appears within 3d10 metres of the psyker, for a number of Rounds equal to 1d5 plus the psyker’s Toughness Bonus. The psyker’s turn immediately ends, and the Daemon may take its turn immediately. It detests the psyker and focuses all of its attacks upon the fool that unwittingly summoned it. It will not attack anyone else, even if others attack it."
136,"Dark Summoning:","The Empyrean buckles and tears at the arrogance of the psyker, and a Bloodletter rips its way into existence. (see Chapter XI: Adversaries). The fiend appears within 3d10 metres of the psyker, for a number of Rounds equal to 1d5 plus the psyker’s Toughness Bonus. The psyker’s turn immediately ends, and the Daemon may take its turn immediately. It detests the psyker and focuses all of its attacks upon the fool that unwittingly summoned it. It will not attack anyone else, even if others attack it."
137,"Dark Summoning:","The Empyrean buckles and tears at the arrogance of the psyker, and a Bloodletter rips its way into existence. (see Chapter XI: Adversaries). The fiend appears within 3d10 metres of the psyker, for a number of Rounds equal to 1d5 plus the psyker’s Toughness Bonus. The psyker’s turn immediately ends, and the Daemon may take its turn immediately. It detests the psyker and focuses all of its attacks upon the fool that unwittingly summoned it. It will not attack anyone else, even if others attack it."
138,"Dark Summoning:","The Empyrean buckles and tears at the arrogance of the psyker, and a Bloodletter rips its way into existence. (see Chapter XI: Adversaries). The fiend appears within 3d10 metres of the psyker, for a number of Rounds equal to 1d5 plus the psyker’s Toughness Bonus. The psyker’s turn immediately ends, and the Daemon may take its turn immediately. It detests the psyker and focuses all of its attacks upon the fool that unwittingly summoned it. It will not attack anyone else, even if others attack it."
139,"Dark Summoning:","The Empyrean buckles and tears at the arrogance of the psyker, and a Bloodletter rips its way into existence. (see Chapter XI: Adversaries). The fiend appears within 3d10 metres of the psyker, for a number of Rounds equal to 1d5 plus the psyker’s Toughness Bonus. The psyker’s turn immediately ends, and the Daemon may take its turn immediately. It detests the psyker and focuses all of its attacks upon the fool that unwittingly summoned it. It will not attack anyone else, even if others attack it."
140,"Dark Summoning:","The Empyrean buckles and tears at the arrogance of the psyker, and a Bloodletter rips its way into existence. (see Chapter XI: Adversaries). The fiend appears within 3d10 metres of the psyker, for a number of Rounds equal to 1d5 plus the psyker’s Toughness Bonus. The psyker’s turn immediately ends, and the Daemon may take its turn immediately. It detests the psyker and focuses all of its attacks upon the fool that unwittingly summoned it. It will not attack anyone else, even if others attack it."
141,"Dark Summoning:","The Empyrean buckles and tears at the arrogance of the psyker, and a Bloodletter rips its way into existence. (see Chapter XI: Adversaries). The fiend appears within 3d10 metres of the psyker, for a number of Rounds equal to 1d5 plus the psyker’s Toughness Bonus. The psyker’s turn immediately ends, and the Daemon may take its turn immediately. It detests the psyker and focuses all of its attacks upon the fool that unwittingly summoned it. It will not attack anyone else, even if others attack it."
142,"Rending the Veil:","The air vibrates with images of cackling daemons and the kaleidoscopic taint of the Warp is rendered visible. All sentient creatures (any creature with an Intelligence characteristic) within 1d100 metres must test against Fear (2). The psyker must Test against Fear (4) instead. This effect lasts for 1d5 Rounds."
143,"Rending the Veil:","The air vibrates with images of cackling daemons and the kaleidoscopic taint of the Warp is rendered visible. All sentient creatures (any creature with an Intelligence characteristic) within 1d100 metres must test against Fear (2). The psyker must Test against Fear (4) instead. This effect lasts for 1d5 Rounds."
144,"Rending the Veil:","The air vibrates with images of cackling daemons and the kaleidoscopic taint of the Warp is rendered visible. All sentient creatures (any creature with an Intelligence characteristic) within 1d100 metres must test against Fear (2). The psyker must Test against Fear (4) instead. This effect lasts for 1d5 Rounds."
145,"Rending the Veil:","The air vibrates with images of cackling daemons and the kaleidoscopic taint of the Warp is rendered visible. All sentient creatures (any creature with an Intelligence characteristic) within 1d100 metres must test against Fear (2). The psyker must Test against Fear (4) instead. This effect lasts for 1d5 Rounds."
146,"Rending the Veil:","The air vibrates with images of cackling daemons and the kaleidoscopic taint of the Warp is rendered visible. All sentient creatures (any creature with an Intelligence characteristic) within 1d100 metres must test against Fear (2). The psyker must Test against Fear (4) instead. This effect lasts for 1d5 Rounds."
147,"Blood Rain:","A psychic storm erupts, covering an area of 5d10 metres in which everyone must pass a Challenging (+0) Strength Test or be knocked to the ground. In addition to howling winds and the skies raining blood, any psychic powers used in the area for 1d5 Rounds automatically invoke Perils of the Warp, in addition to any Psychic Phenomena those powers cause. The psyker gains 1d5+1 Corruption Points."
148,"Blood Rain:","A psychic storm erupts, covering an area of 5d10 metres in which everyone must pass a Challenging (+0) Strength Test or be knocked to the ground. In addition to howling winds and the skies raining blood, any psychic powers used in the area for 1d5 Rounds automatically invoke Perils of the Warp, in addition to any Psychic Phenomena those powers cause. The psyker gains 1d5+1 Corruption Points."
149,"Blood Rain:","A psychic storm erupts, covering an area of 5d10 metres in which everyone must pass a Challenging (+0) Strength Test or be knocked to the ground. In addition to howling winds and the skies raining blood, any psychic powers used in the area for 1d5 Rounds automatically invoke Perils of the Warp, in addition to any Psychic Phenomena those powers cause. The psyker gains 1d5+1 Corruption Points."
150,"Blood Rain:","A psychic storm erupts, covering an area of 5d10 metres in which everyone must pass a Challenging (+0) Strength Test or be knocked to the ground. In addition to howling winds and the skies raining blood, any psychic powers used in the area for 1d5 Rounds automatically invoke Perils of the Warp, in addition to any Psychic Phenomena those powers cause. The psyker gains 1d5+1 Corruption Points."
151,"Blood Rain:","A psychic storm erupts, covering an area of 5d10 metres in which everyone must pass a Challenging (+0) Strength Test or be knocked to the ground. In addition to howling winds and the skies raining blood, any psychic powers used in the area for 1d5 Rounds automatically invoke Perils of the Warp, in addition to any Psychic Phenomena those powers cause. The psyker gains 1d5+1 Corruption Points."
152,"Blood Rain:","A psychic storm erupts, covering an area of 5d10 metres in which everyone must pass a Challenging (+0) Strength Test or be knocked to the ground. In addition to howling winds and the skies raining blood, any psychic powers used in the area for 1d5 Rounds automatically invoke Perils of the Warp, in addition to any Psychic Phenomena those powers cause. The psyker gains 1d5+1 Corruption Points."
153,"Cataclysmic Blast:","The psyker’s power overloads, arcing out in great bolts of Warp energy. Anyone within 1d10 metres (including the psyker) takes 1d10 Energy Damage with a Pen of 5. The psyker may not Dodge this, or stop the attack with a Field Save (see page 196). In addition, all of the psyker’s clothing and gear is destroyed, leaving him naked and smoking on the ground. The psyker may use no further powers for 1d5 hours after the event."
154,"Cataclysmic Blast:","The psyker’s power overloads, arcing out in great bolts of Warp energy. Anyone within 1d10 metres (including the psyker) takes 1d10 Energy Damage with a Pen of 5. The psyker may not Dodge this, or stop the attack with a Field Save (see page 196). In addition, all of the psyker’s clothing and gear is destroyed, leaving him naked and smoking on the ground. The psyker may use no further powers for 1d5 hours after the event."
155,"Cataclysmic Blast:","The psyker’s power overloads, arcing out in great bolts of Warp energy. Anyone within 1d10 metres (including the psyker) takes 1d10 Energy Damage with a Pen of 5. The psyker may not Dodge this, or stop the attack with a Field Save (see page 196). In addition, all of the psyker’s clothing and gear is destroyed, leaving him naked and smoking on the ground. The psyker may use no further powers for 1d5 hours after the event."
156,"Cataclysmic Blast:","The psyker’s power overloads, arcing out in great bolts of Warp energy. Anyone within 1d10 metres (including the psyker) takes 1d10 Energy Damage with a Pen of 5. The psyker may not Dodge this, or stop the attack with a Field Save (see page 196). In addition, all of the psyker’s clothing and gear is destroyed, leaving him naked and smoking on the ground. The psyker may use no further powers for 1d5 hours after the event."
157,"Mass Possession:","Daemons ravage the mind of every living thing within 1d100 metres. Every character in the area must resist a possession attack (see the Possession Trait in Chapter V: Talents and Traits; the attacker is a random Lesser Daemon). This possession will last for no more than 2d10 Rounds, after which the daemons are cast back into the Warp."
158,"Mass Possession:","Daemons ravage the mind of every living thing within 1d100 metres. Every character in the area must resist a possession attack (see the Possession Trait in Chapter V: Talents and Traits; the attacker is a random Lesser Daemon). This possession will last for no more than 2d10 Rounds, after which the daemons are cast back into the Warp."
159,"Mass Possession:","Daemons ravage the mind of every living thing within 1d100 metres. Every character in the area must resist a possession attack (see the Possession Trait in Chapter V: Talents and Traits; the attacker is a random Lesser Daemon). This possession will last for no more than 2d10 Rounds, after which the daemons are cast back into the Warp."
160,"Mass Possession:","Daemons ravage the mind of every living thing within 1d100 metres. Every character in the area must resist a possession attack (see the Possession Trait in Chapter V: Talents and Traits; the attacker is a random Lesser Daemon). This possession will last for no more than 2d10 Rounds, after which the daemons are cast back into the Warp."
161,"Reality Quake:","Reality buckles around the psyker, and an area radiating out 3d10 metres from him is sundered: solid objects alternately rot, burn, and freeze, and everyone and everything in the area takes 2d10 Rending Damage, ignoring Armour (and unable to be dodged). Warded objects, daemons, and untouchables halve the Damage rolled."
162,"Reality Quake:","Reality buckles around the psyker, and an area radiating out 3d10 metres from him is sundered: solid objects alternately rot, burn, and freeze, and everyone and everything in the area takes 2d10 Rending Damage, ignoring Armour (and unable to be dodged). Warded objects, daemons, and untouchables halve the Damage rolled."
163,"Reality Quake:","Reality buckles around the psyker, and an area radiating out 3d10 metres from him is sundered: solid objects alternately rot, burn, and freeze, and everyone and everything in the area takes 2d10 Rending Damage, ignoring Armour (and unable to be dodged). Warded objects, daemons, and untouchables halve the Damage rolled."
164,"Reality Quake:","Reality buckles around the psyker, and an area radiating out 3d10 metres from him is sundered: solid objects alternately rot, burn, and freeze, and everyone and everything in the area takes 2d10 Rending Damage, ignoring Armour (and unable to be dodged). Warded objects, daemons, and untouchables halve the Damage rolled."
165,"Grand Possession:","A grand and terrible Warp entity takes interest in the psyker’s soul, descending from the Warp to seize the mortal’s body for its own purposes. A powerful Daemon attempts to possess the psyker (see the Possession Trait in Chapter IV: Talents and Traits). Use the Bloodletter from page 354, but increase all of its Characteristics by +20 and give it Fear 4. Even if the daemon fails, the psyker still suffers 2d10 Toughness Damage, and will forever add +10 to all rolls on the Psychic Phenomena and Perils of the Warp tables as his body now serves as a conduit to the power of the Warp. If the character dies while possessed, the daemon manifests in the real world for a number of days equal to its Toughness Bonus or until it is destroyed."
166,"Grand Possession:","A grand and terrible Warp entity takes interest in the psyker’s soul, descending from the Warp to seize the mortal’s body for its own purposes. A powerful Daemon attempts to possess the psyker (see the Possession Trait in Chapter IV: Talents and Traits). Use the Bloodletter from page 354, but increase all of its Characteristics by +20 and give it Fear 4. Even if the daemon fails, the psyker still suffers 2d10 Toughness Damage, and will forever add +10 to all rolls on the Psychic Phenomena and Perils of the Warp tables as his body now serves as a conduit to the power of the Warp. If the character dies while possessed, the daemon manifests in the real world for a number of days equal to its Toughness Bonus or until it is destroyed."
167,"Grand Possession:","A grand and terrible Warp entity takes interest in the psyker’s soul, descending from the Warp to seize the mortal’s body for its own purposes. A powerful Daemon attempts to possess the psyker (see the Possession Trait in Chapter IV: Talents and Traits). Use the Bloodletter from page 354, but increase all of its Characteristics by +20 and give it Fear 4. Even if the daemon fails, the psyker still suffers 2d10 Toughness Damage, and will forever add +10 to all rolls on the Psychic Phenomena and Perils of the Warp tables as his body now serves as a conduit to the power of the Warp. If the character dies while possessed, the daemon manifests in the real world for a number of days equal to its Toughness Bonus or until it is destroyed."
168,"Grand Possession:","A grand and terrible Warp entity takes interest in the psyker’s soul, descending from the Warp to seize the mortal’s body for its own purposes. A powerful Daemon attempts to possess the psyker (see the Possession Trait in Chapter IV: Talents and Traits). Use the Bloodletter from page 354, but increase all of its Characteristics by +20 and give it Fear 4. Even if the daemon fails, the psyker still suffers 2d10 Toughness Damage, and will forever add +10 to all rolls on the Psychic Phenomena and Perils of the Warp tables as his body now serves as a conduit to the power of the Warp. If the character dies while possessed, the daemon manifests in the real world for a number of days equal to its Toughness Bonus or until it is destroyed."
169,"Grand Possession:","A grand and terrible Warp entity takes interest in the psyker’s soul, descending from the Warp to seize the mortal’s body for its own purposes. A powerful Daemon attempts to possess the psyker (see the Possession Trait in Chapter IV: Talents and Traits). Use the Bloodletter from page 354, but increase all of its Characteristics by +20 and give it Fear 4. Even if the daemon fails, the psyker still suffers 2d10 Toughness Damage, and will forever add +10 to all rolls on the Psychic Phenomena and Perils of the Warp tables as his body now serves as a conduit to the power of the Warp. If the character dies while possessed, the daemon manifests in the real world for a number of days equal to its Toughness Bonus or until it is destroyed."
170,"Grand Possession:","A grand and terrible Warp entity takes interest in the psyker’s soul, descending from the Warp to seize the mortal’s body for its own purposes. A powerful Daemon attempts to possess the psyker (see the Possession Trait in Chapter IV: Talents and Traits). Use the Bloodletter from page 354, but increase all of its Characteristics by +20 and give it Fear 4. Even if the daemon fails, the psyker still suffers 2d10 Toughness Damage, and will forever add +10 to all rolls on the Psychic Phenomena and Perils of the Warp tables as his body now serves as a conduit to the power of the Warp. If the character dies while possessed, the daemon manifests in the real world for a number of days equal to its Toughness Bonus or until it is destroyed."
171,"Grand Possession:","A grand and terrible Warp entity takes interest in the psyker’s soul, descending from the Warp to seize the mortal’s body for its own purposes. A powerful Daemon attempts to possess the psyker (see the Possession Trait in Chapter IV: Talents and Traits). Use the Bloodletter from page 354, but increase all of its Characteristics by +20 and give it Fear 4. Even if the daemon fails, the psyker still suffers 2d10 Toughness Damage, and will forever add +10 to all rolls on the Psychic Phenomena and Perils of the Warp tables as his body now serves as a conduit to the power of the Warp. If the character dies while possessed, the daemon manifests in the real world for a number of days equal to its Toughness Bonus or until it is destroyed."
172,"Grand Possession:","A grand and terrible Warp entity takes interest in the psyker’s soul, descending from the Warp to seize the mortal’s body for its own purposes. A powerful Daemon attempts to possess the psyker (see the Possession Trait in Chapter IV: Talents and Traits). Use the Bloodletter from page 354, but increase all of its Characteristics by +20 and give it Fear 4. Even if the daemon fails, the psyker still suffers 2d10 Toughness Damage, and will forever add +10 to all rolls on the Psychic Phenomena and Perils of the Warp tables as his body now serves as a conduit to the power of the Warp. If the character dies while possessed, the daemon manifests in the real world for a number of days equal to its Toughness Bonus or until it is destroyed."
173,"Grand Possession:","A grand and terrible Warp entity takes interest in the psyker’s soul, descending from the Warp to seize the mortal’s body for its own purposes. A powerful Daemon attempts to possess the psyker (see the Possession Trait in Chapter IV: Talents and Traits). Use the Bloodletter from page 354, but increase all of its Characteristics by +20 and give it Fear 4. Even if the daemon fails, the psyker still suffers 2d10 Toughness Damage, and will forever add +10 to all rolls on the Psychic Phenomena and Perils of the Warp tables as his body now serves as a conduit to the power of the Warp. If the character dies while possessed, the daemon manifests in the real world for a number of days equal to its Toughness Bonus or until it is destroyed."
174,"Annihilation:","The psyker is immediately and irrevocably destroyed, burned to nothing by the screaming fires of the Immaterium or dragged into the deepest maelstrom of the Warp. The psyker may not spend Fate to recover from this death, he is irrevocably destroyed. There is a chance that a daemonic entity of some sort appears in the psyker’s place—the type of daemon that appears is determined by the GM, based on how powerful the psyker was—more powerful psykers draw more powerful daemons. The percentage chance that the daemon appears is equal to the psyker’s Willpower characteristic (roll a d100, if the result is equal to or under the characteristic, the daemon appears)."
